Date,Vessel_ID,Ship_Type,Latitude,Longitude,Speed_knots
2024-01-01,V1,Cargo,27.252,57.121,16.4
2024-01-02,V2,LNG Carrier,26.822,56.775,8.5
2024-01-03,V3,Container,27.077,56.7,11.7
2024-01-04,V4,Container,27.167,56.766,17.7
2024-01-05,V5,LNG Carrier,26.87,56.241,15.1
2024-01-06,V6,Oil Tanker,26.603,56.263,16.7
2024-01-07,V7,Cargo,27.129,55.989,14.5
2024-01-08,V8,LNG Carrier,26.852,56.778,16.5
2024-01-09,V9,Oil Tanker,26.497,56.351,14.6
2024-01-10,V10,Cargo,27.484,56.474,12.8
2024-01-11,V11,LNG Carrier,26.731,55.506,9.9
2024-01-12,V12,Container,25.651,55.653,13.5
2024-01-13,V13,Container,27.135,56.05,8.7
2024-01-14,V14,LNG Carrier,25.807,55.782,17.0
2024-01-15,V15,Cargo,25.831,56.332,10.1
2024-01-16,V16,Oil Tanker,25.533,55.783,12.8
2024-01-17,V17,Oil Tanker,26.579,56.437,14.2
2024-01-18,V18,Cargo,26.726,55.637,9.4
2024-01-19,V19,Oil Tanker,27.4,56.744,11.5
2024-01-20,V20,Oil Tanker,26.58,56.792,15.3
2024-01-21,V21,Oil Tanker,26.821,55.924,8.6
2024-01-22,V22,LNG Carrier,27.343,56.142,17.9
2024-01-23,V23,Container,27.084,57.009,11.9
2024-01-24,V24,LNG Carrier,27.387,57.07,15.5
2024-01-25,V25,Container,26.641,57.25,15.4
2024-01-26,V26,Container,27.448,55.897,15.0
2024-01-27,V27,Oil Tanker,25.697,57.452,11.1
2024-01-28,V28,Cargo,26.855,56.654,8.6
2024-01-29,V29,Container,27.193,57.127,9.6
2024-01-30,V30,Oil Tanker,25.796,57.285,14.3
2024-01-31,V31,Oil Tanker,27.265,55.848,17.4
2024-02-01,V32,Container,25.595,56.306,8.3
2024-02-02,V33,Container,25.979,56.779,10.1
2024-02-03,V34,LNG Carrier,27.466,56.642,13.5
2024-02-04,V35,Oil Tanker,25.858,56.578,11.7
2024-02-05,V36,Oil Tanker,25.589,56.589,17.7
2024-02-06,V37,LNG Carrier,27.41,56.643,9.5
2024-02-07,V38,Container,27.361,56.12,12.0
2024-02-08,V39,Oil Tanker,26.216,55.675,15.3
2024-02-09,V40,Oil Tanker,25.568,56.977,12.6
2024-02-10,V41,Cargo,27.072,55.639,11.4
2024-02-11,V42,Oil Tanker,27.054,57.221,12.2
2024-02-12,V43,Cargo,26.734,57.446,14.2
2024-02-13,V44,LNG Carrier,25.519,55.911,17.3
2024-02-14,V45,Cargo,26.688,56.261,12.9
2024-02-15,V46,Cargo,27.351,56.411,17.9
2024-02-16,V47,Cargo,27.206,56.996,16.3
2024-02-17,V48,Oil Tanker,26.321,56.945,15.5
2024-02-18,V49,Container,25.875,57.442,12.8
2024-02-19,V50,Container,26.794,56.839,10.4
2024-02-20,V51,Container,26.965,56.293,17.1
2024-02-21,V52,Container,27.417,56.907,15.2
2024-02-22,V53,Oil Tanker,26.773,56.738,13.8
2024-02-23,V54,Oil Tanker,26.607,57.312,8.6
2024-02-24,V55,LNG Carrier,27.265,56.713,14.2
2024-02-25,V56,LNG Carrier,25.855,57.162,12.2
2024-02-26,V57,LNG Carrier,26.468,56.896,13.4
2024-02-27,V58,Container,25.964,57.312,17.8
2024-02-28,V59,Container,25.92,56.118,12.1
2024-02-29,V60,LNG Carrier,26.228,56.569,10.7
2024-03-01,V61,Oil Tanker,26.796,55.549,12.1
2024-03-02,V62,LNG Carrier,27.498,55.677,16.9
2024-03-03,V63,Cargo,26.78,57.476,12.5
2024-03-04,V64,Oil Tanker,26.61,56.533,11.2
2024-03-05,V65,Container,26.429,57.182,9.7
2024-03-06,V66,Cargo,27.317,57.267,17.9
2024-03-07,V67,Cargo,25.866,57.092,15.8
2024-03-08,V68,LNG Carrier,26.493,55.939,15.0
2024-03-09,V69,LNG Carrier,25.955,55.669,14.9
2024-03-10,V70,LNG Carrier,26.851,57.17,14.5
2024-03-11,V71,Container,25.617,57.012,8.2
2024-03-12,V72,Container,25.917,55.85,13.8
2024-03-13,V73,LNG Carrier,26.358,57.439,11.2
2024-03-14,V74,Container,26.583,55.824,13.0
2024-03-15,V75,Cargo,25.811,57.244,12.4
2024-03-16,V76,Cargo,26.757,55.7,11.4
2024-03-17,V77,Container,26.507,57.174,13.0
2024-03-18,V78,Oil Tanker,26.059,56.691,10.6
2024-03-19,V79,LNG Carrier,26.661,57.024,16.9
2024-03-20,V80,Oil Tanker,25.853,56.993,15.1
2024-03-21,V81,Container,26.85,55.543,8.7
2024-03-22,V82,Oil Tanker,27.433,55.562,13.7
2024-03-23,V83,Cargo,26.661,55.704,11.9
2024-03-24,V84,LNG Carrier,26.898,56.751,17.3
2024-03-25,V85,Oil Tanker,25.517,55.532,16.6
2024-03-26,V86,Cargo,27.493,56.685,17.3
2024-03-27,V87,Cargo,27.192,57.016,16.7
2024-03-28,V88,LNG Carrier,27.162,57.216,17.1
2024-03-29,V89,Oil Tanker,27.296,55.686,12.1
2024-03-30,V90,Oil Tanker,27.135,56.902,15.1
2024-01-01,V91,Container,26.306,55.508,8.6
2024-01-02,V92,Cargo,25.963,55.925,11.7
2024-01-03,V93,Oil Tanker,26.716,57.112,15.7
2024-01-04,V94,LNG Carrier,25.532,56.202,15.2
2024-01-05,V95,Cargo,25.693,57.267,13.2
2024-01-06,V96,Cargo,26.308,56.799,10.8
2024-01-07,V97,Oil Tanker,27.409,57.283,15.9
2024-01-08,V98,LNG Carrier,26.905,56.628,8.5
2024-01-09,V99,LNG Carrier,26.072,57.113,9.2
2024-01-10,V100,Cargo,26.739,56.739,14.6
2024-01-11,V101,Container,27.21,55.632,12.4
2024-01-12,V102,Oil Tanker,26.42,57.21,16.6
2024-01-13,V103,Oil Tanker,25.502,55.618,15.1
2024-01-14,V104,Container,27.169,57.413,9.7
2024-01-15,V105,Oil Tanker,26.384,56.51,9.2
2024-01-16,V106,LNG Carrier,26.226,55.642,12.7
2024-01-17,V107,LNG Carrier,26.163,56.632,15.7
2024-01-18,V108,Cargo,26.444,56.572,10.7
2024-01-19,V109,Oil Tanker,26.088,57.374,15.2
2024-01-20,V110,LNG Carrier,25.918,57.109,9.1
2024-01-21,V111,Oil Tanker,25.893,56.69,10.2
2024-01-22,V112,Container,26.042,55.755,11.0
2024-01-23,V113,Cargo,25.579,57.089,15.9
2024-01-24,V114,Container,25.542,56.259,8.0
2024-01-25,V115,Container,27.45,56.416,15.6
2024-01-26,V116,Container,27.207,56.468,11.9
2024-01-27,V117,Oil Tanker,25.647,55.965,14.6
2024-01-28,V118,Oil Tanker,26.874,56.389,17.7
2024-01-29,V119,Oil Tanker,26.333,56.53,16.9
2024-01-30,V120,LNG Carrier,26.164,56.011,9.3
2024-01-31,V121,Cargo,25.973,55.617,12.0
2024-02-01,V122,Oil Tanker,27.106,56.174,8.2
2024-02-02,V123,Container,25.644,57.352,13.8
2024-02-03,V124,Oil Tanker,25.597,56.322,11.4
2024-02-04,V125,Cargo,27.136,56.714,9.4
2024-02-05,V126,Container,26.405,55.62,14.3
2024-02-06,V127,Cargo,25.906,57.356,16.2
2024-02-07,V128,Cargo,25.585,56.692,12.3
2024-02-08,V129,LNG Carrier,25.745,56.355,14.3
2024-02-09,V130,Oil Tanker,25.641,57.243,17.3
2024-02-10,V131,Container,25.93,55.703,10.3
2024-02-11,V132,LNG Carrier,27.159,55.872,17.4
2024-02-12,V133,LNG Carrier,25.885,57.178,10.3
2024-02-13,V134,Cargo,27.403,56.815,10.7
2024-02-14,V135,Oil Tanker,25.961,56.766,11.6
2024-02-15,V136,LNG Carrier,26.912,57.041,13.3
2024-02-16,V137,Cargo,26.323,56.315,11.3
2024-02-17,V138,Oil Tanker,26.028,57.336,9.0
2024-02-18,V139,Container,26.089,56.021,13.2
2024-02-19,V140,LNG Carrier,26.838,57.499,10.3
2024-02-20,V141,Cargo,27.159,55.925,17.3
2024-02-21,V142,Oil Tanker,25.736,56.155,15.4
2024-02-22,V143,Container,26.737,56.007,15.9
2024-02-23,V144,Cargo,25.512,57.293,15.8
2024-02-24,V145,Oil Tanker,25.819,55.983,12.8
2024-02-25,V146,Oil Tanker,25.952,56.827,11.1
2024-02-26,V147,LNG Carrier,25.666,56.473,12.2
2024-02-27,V148,Container,26.201,56.805,10.2
2024-02-28,V149,LNG Carrier,26.532,55.663,11.6
2024-02-29,V150,LNG Carrier,26.929,57.21,13.3
2024-03-01,V151,LNG Carrier,26.669,56.664,17.5
2024-03-02,V152,LNG Carrier,26.63,56.835,14.2
2024-03-03,V153,Container,26.95,56.125,13.2
2024-03-04,V154,Container,27.046,56.513,17.3
2024-03-05,V155,Oil Tanker,26.349,57.452,11.8
2024-03-06,V156,Cargo,26.067,56.157,17.6
2024-03-07,V157,Cargo,27.483,57.268,11.0
2024-03-08,V158,LNG Carrier,26.797,57.437,16.8
2024-03-09,V159,Container,25.675,56.618,10.8
2024-03-10,V160,Container,27.224,56.749,12.1
2024-03-11,V161,LNG Carrier,26.877,56.889,14.0
2024-03-12,V162,Container,26.653,56.971,11.0
2024-03-13,V163,Cargo,27.386,55.708,8.0
2024-03-14,V164,Container,27.022,55.714,13.7
2024-03-15,V165,Oil Tanker,26.792,55.522,8.6
2024-03-16,V166,Oil Tanker,27.023,56.253,15.1
2024-03-17,V167,Oil Tanker,25.542,57.046,14.9
2024-03-18,V168,Container,27.252,56.208,11.0
2024-03-19,V169,LNG Carrier,26.972,55.539,13.0
2024-03-20,V170,Container,25.765,56.877,9.9
2024-03-21,V171,Container,26.962,56.566,8.4
2024-03-22,V172,Oil Tanker,26.951,56.688,12.3
2024-03-23,V173,Cargo,25.74,56.059,13.4
2024-03-24,V174,Oil Tanker,26.338,56.243,16.0
2024-03-25,V175,LNG Carrier,25.802,56.825,12.5
2024-03-26,V176,Container,26.346,56.811,11.0
2024-03-27,V177,Cargo,26.957,55.793,17.6
2024-03-28,V178,Container,26.424,55.986,17.3
2024-03-29,V179,Cargo,26.681,56.05,16.5
2024-03-30,V180,Container,27.393,56.572,17.4
2024-01-01,V181,Container,25.53,56.252,17.8
2024-01-02,V182,Oil Tanker,26.725,56.236,11.0
2024-01-03,V183,Container,27.482,56.394,14.3
2024-01-04,V184,Cargo,25.735,56.758,9.0
2024-01-05,V185,Cargo,26.084,55.862,11.9
2024-01-06,V186,LNG Carrier,27.375,55.957,17.7
2024-01-07,V187,Cargo,26.671,56.312,10.9
2024-01-08,V188,Oil Tanker,27.022,56.613,10.4
2024-01-09,V189,Cargo,27.427,56.824,17.6
2024-01-10,V190,Oil Tanker,25.67,56.887,14.8
2024-01-11,V191,LNG Carrier,25.559,55.971,13.3
2024-01-12,V192,LNG Carrier,25.881,56.603,10.9
2024-01-13,V193,Oil Tanker,27.279,56.628,12.5
2024-01-14,V194,LNG Carrier,27.424,56.222,9.8
2024-01-15,V195,Cargo,26.479,56.984,9.2
2024-01-16,V196,Cargo,26.854,55.848,16.2
2024-01-17,V197,Cargo,27.351,57.431,11.8
2024-01-18,V198,Cargo,25.815,56.965,12.9
2024-01-19,V199,Oil Tanker,26.607,56.324,12.0
2024-01-20,V200,Container,27.353,56.274,17.6
2024-01-21,V201,Cargo,25.833,56.635,14.3
2024-01-22,V202,Container,26.385,56.069,9.1
2024-01-23,V203,LNG Carrier,26.084,55.998,9.8
2024-01-24,V204,Oil Tanker,25.601,56.471,10.0
2024-01-25,V205,LNG Carrier,25.631,56.16,11.8
2024-01-26,V206,Cargo,26.615,56.921,12.8
2024-01-27,V207,Cargo,27.425,55.973,14.0
2024-01-28,V208,LNG Carrier,26.144,56.19,8.7
2024-01-29,V209,Container,26.964,56.38,10.9
2024-01-30,V210,Oil Tanker,27.381,55.502,10.7
2024-01-31,V211,Cargo,27.387,56.835,11.4
2024-02-01,V212,Cargo,25.552,57.479,16.8
2024-02-02,V213,Oil Tanker,26.382,56.542,11.6
2024-02-03,V214,LNG Carrier,27.361,56.393,9.1
2024-02-04,V215,Oil Tanker,26.87,56.627,15.1
2024-02-05,V216,Cargo,25.777,55.823,17.0
2024-02-06,V217,Cargo,27.279,56.633,11.9
2024-02-07,V218,Oil Tanker,26.231,56.912,12.4
2024-02-08,V219,Cargo,27.306,55.515,17.9
2024-02-09,V220,LNG Carrier,25.852,56.402,13.5
2024-02-10,V221,LNG Carrier,27.118,55.733,16.5
2024-02-11,V222,Cargo,26.284,57.4,13.6
2024-02-12,V223,Cargo,27.283,55.594,16.8
2024-02-13,V224,Cargo,26.209,56.443,14.8
2024-02-14,V225,Cargo,26.32,56.436,15.3
2024-02-15,V226,Oil Tanker,27.302,56.885,8.7
2024-02-16,V227,Oil Tanker,26.822,56.37,9.7
2024-02-17,V228,Oil Tanker,25.94,57.056,14.6
2024-02-18,V229,Cargo,26.12,56.417,15.8
2024-02-19,V230,LNG Carrier,26.714,56.948,8.6
2024-02-20,V231,Container,25.838,57.272,9.1
2024-02-21,V232,Container,25.616,56.116,10.3
2024-02-22,V233,Container,27.104,56.552,16.6
2024-02-23,V234,LNG Carrier,25.756,55.55,9.2
2024-02-24,V235,Oil Tanker,26.977,56.779,13.8
2024-02-25,V236,Oil Tanker,26.01,55.877,8.6
2024-02-26,V237,Oil Tanker,26.365,56.35,17.5
2024-02-27,V238,Cargo,27.299,57.453,14.6
2024-02-28,V239,Cargo,26.477,56.969,10.4
2024-02-29,V240,Oil Tanker,25.623,55.699,8.2
2024-03-01,V241,Oil Tanker,25.851,56.892,14.9
2024-03-02,V242,Container,26.254,56.762,11.3
2024-03-03,V243,LNG Carrier,26.087,56.701,15.9
2024-03-04,V244,Container,25.546,57.177,12.0
2024-03-05,V245,Oil Tanker,26.465,56.309,15.6
2024-03-06,V246,Cargo,26.988,56.388,8.4
2024-03-07,V247,Oil Tanker,26.091,56.999,12.6
2024-03-08,V248,Container,25.575,57.169,16.5
2024-03-09,V249,Container,27.169,55.842,17.6
2024-03-10,V250,Oil Tanker,25.718,57.212,15.8
2024-03-11,V251,Oil Tanker,27.236,56.966,11.8
2024-03-12,V252,LNG Carrier,26.192,56.516,10.7
2024-03-13,V253,Oil Tanker,25.793,57.262,10.5
2024-03-14,V254,Cargo,25.608,55.991,11.4
2024-03-15,V255,LNG Carrier,26.86,55.558,16.1
2024-03-16,V256,Cargo,26.864,55.739,15.3
2024-03-17,V257,Oil Tanker,25.93,56.437,13.7
2024-03-18,V258,LNG Carrier,27.268,56.654,17.1
2024-03-19,V259,LNG Carrier,27.02,57.399,14.1
2024-03-20,V260,Container,26.579,56.613,15.2
2024-03-21,V261,LNG Carrier,26.53,55.743,17.9
2024-03-22,V262,Container,25.897,55.969,8.6
2024-03-23,V263,Oil Tanker,27.268,56.096,15.8
2024-03-24,V264,Cargo,26.513,57.262,12.6
2024-03-25,V265,Container,27.391,55.832,9.7
2024-03-26,V266,Container,27.064,56.391,8.3
2024-03-27,V267,Container,25.614,55.638,14.1
2024-03-28,V268,Oil Tanker,26.618,56.692,11.8
2024-03-29,V269,Oil Tanker,26.494,57.258,13.1
2024-03-30,V270,Oil Tanker,26.233,56.812,9.3
2024-01-01,V271,Oil Tanker,26.53,57.05,12.3
2024-01-02,V272,LNG Carrier,26.604,57.17,9.8
2024-01-03,V273,Container,26.18,56.804,13.4
2024-01-04,V274,LNG Carrier,25.971,56.798,9.8
2024-01-05,V275,Container,25.601,56.789,9.7
2024-01-06,V276,LNG Carrier,26.007,56.295,8.8
2024-01-07,V277,LNG Carrier,25.774,57.189,14.7
2024-01-08,V278,LNG Carrier,27.36,55.849,16.5
2024-01-09,V279,LNG Carrier,25.893,56.387,16.8
2024-01-10,V280,LNG Carrier,26.914,56.34,12.1
2024-01-11,V281,LNG Carrier,25.842,56.251,10.5
2024-01-12,V282,LNG Carrier,26.144,56.934,14.9
2024-01-13,V283,LNG Carrier,26.57,56.171,13.6
2024-01-14,V284,Container,25.965,57.361,9.8
2024-01-15,V285,Cargo,27.376,55.696,16.0
2024-01-16,V286,Container,27.173,56.304,17.9
2024-01-17,V287,Cargo,26.043,55.506,13.9
2024-01-18,V288,Cargo,26.475,55.673,12.8
2024-01-19,V289,Cargo,27.087,57.429,10.5
2024-01-20,V290,LNG Carrier,26.503,56.236,9.9
2024-01-21,V291,Container,25.759,55.671,9.0
2024-01-22,V292,Oil Tanker,26.251,56.774,13.7
2024-01-23,V293,LNG Carrier,27.074,56.358,15.3
2024-01-24,V294,Container,26.542,55.736,17.6
2024-01-25,V295,Cargo,27.098,55.548,13.9
2024-01-26,V296,Cargo,26.124,57.262,17.4
2024-01-27,V297,Oil Tanker,27.405,56.846,14.6
2024-01-28,V298,Cargo,26.779,56.832,15.2
2024-01-29,V299,LNG Carrier,26.013,55.855,10.2
2024-01-30,V300,LNG Carrier,27.259,55.568,17.8
2024-01-31,V301,Oil Tanker,27.401,56.121,12.8
2024-02-01,V302,Oil Tanker,27.213,57.133,13.0
2024-02-02,V303,LNG Carrier,25.644,55.867,13.0
2024-02-03,V304,LNG Carrier,27.468,56.827,9.0
2024-02-04,V305,Cargo,26.403,56.898,12.5
2024-02-05,V306,Container,26.739,56.981,13.9
2024-02-06,V307,Cargo,27.268,55.609,16.8
2024-02-07,V308,Container,26.761,55.554,15.5
2024-02-08,V309,Cargo,26.231,55.598,16.0
2024-02-09,V310,LNG Carrier,26.895,56.118,17.0
2024-02-10,V311,LNG Carrier,26.849,56.218,13.9
2024-02-11,V312,Container,26.299,55.635,12.0
2024-02-12,V313,Oil Tanker,25.527,57.061,9.6
2024-02-13,V314,Cargo,27.156,56.105,15.8
2024-02-14,V315,Container,26.791,57.225,16.5
2024-02-15,V316,LNG Carrier,25.548,57.371,12.3
2024-02-16,V317,Oil Tanker,27.112,57.053,13.4
2024-02-17,V318,Container,25.732,56.006,8.7
2024-02-18,V319,Cargo,26.02,56.98,12.6
2024-02-19,V320,Cargo,26.115,56.254,9.0
2024-02-20,V321,Oil Tanker,26.143,55.557,17.9
2024-02-21,V322,Container,27.429,56.892,17.1
2024-02-22,V323,Cargo,26.746,57.126,14.1
2024-02-23,V324,Container,26.822,55.559,17.4
2024-02-24,V325,Container,27.238,55.733,8.8
2024-02-25,V326,Cargo,26.928,56.07,11.9
2024-02-26,V327,Oil Tanker,26.776,56.315,14.0
2024-02-27,V328,LNG Carrier,27.214,57.2,13.6
2024-02-28,V329,Cargo,26.576,56.863,10.1
2024-02-29,V330,Container,26.019,56.354,13.8
2024-03-01,V331,LNG Carrier,25.892,57.473,14.8
2024-03-02,V332,Oil Tanker,27.047,55.74,13.4
2024-03-03,V333,Oil Tanker,25.885,56.212,15.3
2024-03-04,V334,Container,26.315,56.276,10.7
2024-03-05,V335,Cargo,25.943,56.849,17.3
2024-03-06,V336,Cargo,27.251,57.374,14.2
2024-03-07,V337,Cargo,26.798,56.537,11.9
2024-03-08,V338,Oil Tanker,27.277,56.654,15.8
2024-03-09,V339,Oil Tanker,26.802,56.383,15.4
2024-03-10,V340,Oil Tanker,26.155,57.335,17.3
2024-03-11,V341,Cargo,25.647,56.032,17.4
2024-03-12,V342,Container,26.152,57.119,14.9
2024-03-13,V343,Oil Tanker,26.227,56.524,15.2
2024-03-14,V344,LNG Carrier,27.151,56.871,14.0
2024-03-15,V345,Oil Tanker,27.033,56.153,9.5
2024-03-16,V346,Cargo,26.013,56.328,15.1
2024-03-17,V347,Oil Tanker,26.324,55.753,16.9
2024-03-18,V348,Cargo,25.743,55.583,16.1
2024-03-19,V349,Container,26.236,57.065,17.7
2024-03-20,V350,Cargo,25.758,57.021,15.1
2024-03-21,V351,Cargo,26.274,57.086,14.2
2024-03-22,V352,Container,26.063,56.757,13.8
2024-03-23,V353,Cargo,26.299,55.893,13.0
2024-03-24,V354,Cargo,25.661,56.269,13.7
2024-03-25,V355,LNG Carrier,25.991,56.973,12.3
2024-03-26,V356,Container,25.615,55.516,10.8
2024-03-27,V357,LNG Carrier,26.257,56.346,12.3
2024-03-28,V358,Cargo,26.299,56.148,16.0
2024-03-29,V359,LNG Carrier,25.762,56.72,17.2
2024-03-30,V360,Cargo,27.315,57.416,11.8
2024-01-01,V361,Oil Tanker,26.486,56.163,15.1
2024-01-02,V362,Cargo,26.46,56.437,8.2
2024-01-03,V363,LNG Carrier,26.997,56.079,16.1
2024-01-04,V364,Cargo,26.617,56.053,17.9
2024-01-05,V365,Oil Tanker,26.352,56.835,9.1
2024-01-06,V366,Container,27.008,55.642,9.9
2024-01-07,V367,Oil Tanker,27.479,56.863,12.0
2024-01-08,V368,Container,27.426,55.763,12.5
2024-01-09,V369,Container,27.284,56.519,14.6
2024-01-10,V370,Cargo,26.03,55.903,12.1
2024-01-11,V371,Cargo,26.447,57.259,12.9
2024-01-12,V372,Container,25.539,55.517,17.2
2024-01-13,V373,Container,26.837,57.072,16.4
2024-01-14,V374,LNG Carrier,26.68,57.44,11.5
2024-01-15,V375,Container,25.872,56.898,15.9
2024-01-16,V376,Container,26.233,56.124,15.4
2024-01-17,V377,Cargo,26.175,57.188,14.3
2024-01-18,V378,Cargo,27.325,56.597,10.1
2024-01-19,V379,LNG Carrier,26.095,56.423,9.0
2024-01-20,V380,LNG Carrier,26.529,56.798,16.8
2024-01-21,V381,Container,26.404,57.454,8.6
2024-01-22,V382,Cargo,26.178,56.15,15.7
2024-01-23,V383,Oil Tanker,26.11,55.885,10.8
2024-01-24,V384,LNG Carrier,26.898,56.611,10.6
2024-01-25,V385,LNG Carrier,25.942,55.534,8.3
2024-01-26,V386,Container,26.379,56.829,9.6
2024-01-27,V387,LNG Carrier,25.552,55.918,11.0
2024-01-28,V388,Oil Tanker,26.239,56.201,11.4
2024-01-29,V389,LNG Carrier,27.206,57.213,9.6
2024-01-30,V390,Oil Tanker,25.885,56.06,15.0
2024-01-31,V391,Cargo,26.281,57.043,14.8
2024-02-01,V392,Container,26.888,57.455,10.8
2024-02-02,V393,Container,26.724,57.129,11.0
2024-02-03,V394,LNG Carrier,26.609,57.226,13.5
2024-02-04,V395,Container,25.523,56.669,15.7
2024-02-05,V396,LNG Carrier,25.848,57.437,15.4
2024-02-06,V397,Cargo,25.764,57.107,15.2
2024-02-07,V398,LNG Carrier,25.566,56.105,15.2
2024-02-08,V399,Oil Tanker,26.711,56.32,17.0
2024-02-09,V400,Container,27.393,56.033,16.8
2024-02-10,V401,Cargo,25.74,56.676,9.5
2024-02-11,V402,LNG Carrier,26.166,55.999,13.7
2024-02-12,V403,Oil Tanker,26.408,55.798,12.6
2024-02-13,V404,Container,26.36,56.666,12.8
2024-02-14,V405,Cargo,25.904,56.601,11.8
2024-02-15,V406,Container,25.766,56.678,16.1
2024-02-16,V407,Container,26.282,57.334,12.8
2024-02-17,V408,Cargo,26.015,57.158,9.8
2024-02-18,V409,Container,26.775,55.904,15.5
2024-02-19,V410,LNG Carrier,25.699,56.512,17.0
2024-02-20,V411,LNG Carrier,27.298,56.962,16.7
2024-02-21,V412,Container,25.568,56.161,17.9
2024-02-22,V413,Container,26.025,56.442,15.5
2024-02-23,V414,Oil Tanker,26.869,56.715,17.2
2024-02-24,V415,LNG Carrier,25.989,57.278,15.0
2024-02-25,V416,Oil Tanker,25.895,56.588,10.0
2024-02-26,V417,LNG Carrier,26.648,55.667,16.7
2024-02-27,V418,Cargo,25.677,56.438,13.4
2024-02-28,V419,Oil Tanker,26.691,56.442,17.7
2024-02-29,V420,Container,25.535,57.392,8.7
2024-03-01,V421,LNG Carrier,26.193,56.009,15.9
2024-03-02,V422,LNG Carrier,27.12,56.652,10.5
2024-03-03,V423,Cargo,26.729,56.443,16.7
2024-03-04,V424,Container,27.395,56.328,17.0
2024-03-05,V425,Oil Tanker,27.112,56.475,16.3
2024-03-06,V426,Cargo,27.383,56.01,11.2
2024-03-07,V427,Oil Tanker,26.614,56.284,10.3
2024-03-08,V428,Oil Tanker,26.748,56.098,10.5
2024-03-09,V429,Container,26.366,56.735,15.4
2024-03-10,V430,Container,26.579,56.517,14.0
2024-03-11,V431,Container,26.551,55.71,10.1
2024-03-12,V432,Oil Tanker,25.87,56.552,14.5
2024-03-13,V433,Oil Tanker,27.455,57.399,10.5
2024-03-14,V434,LNG Carrier,26.507,57.096,16.7
2024-03-15,V435,LNG Carrier,27.371,55.813,15.5
2024-03-16,V436,Oil Tanker,26.992,55.941,12.5
2024-03-17,V437,Oil Tanker,25.558,56.021,12.8
2024-03-18,V438,Cargo,25.778,56.403,13.0
2024-03-19,V439,Container,25.506,55.64,17.0
2024-03-20,V440,Cargo,26.79,57.435,15.8
2024-03-21,V441,LNG Carrier,26.636,55.55,11.6
2024-03-22,V442,Oil Tanker,26.974,56.645,15.3
2024-03-23,V443,Container,25.729,56.527,14.0
2024-03-24,V444,Oil Tanker,26.061,55.982,12.7
2024-03-25,V445,Container,26.845,55.698,13.2
2024-03-26,V446,Oil Tanker,26.09,55.891,17.9
2024-03-27,V447,LNG Carrier,27.031,55.954,8.0
2024-03-28,V448,Container,25.59,55.819,8.3
2024-03-29,V449,Cargo,26.421,56.75,9.8
2024-03-30,V450,Cargo,26.469,56.528,10.0
2024-01-01,V451,Container,27.209,57.484,14.2
2024-01-02,V452,Oil Tanker,25.726,56.164,13.8
2024-01-03,V453,LNG Carrier,26.749,56.03,8.4
2024-01-04,V454,Cargo,27.103,57.212,13.2
2024-01-05,V455,Oil Tanker,26.275,55.58,14.2
2024-01-06,V456,LNG Carrier,26.163,56.253,17.3
2024-01-07,V457,Container,27.186,56.73,12.1
2024-01-08,V458,Oil Tanker,25.851,56.149,13.0
2024-01-09,V459,LNG Carrier,26.338,57.304,14.2
2024-01-10,V460,Container,26.632,57.176,8.1
2024-01-11,V461,LNG Carrier,26.599,56.458,11.1
2024-01-12,V462,Cargo,27.155,57.287,13.2
2024-01-13,V463,Container,26.559,55.703,13.8
2024-01-14,V464,LNG Carrier,25.949,55.566,8.9
2024-01-15,V465,Container,25.904,57.422,15.0
2024-01-16,V466,LNG Carrier,26.342,57.495,10.5
2024-01-17,V467,Oil Tanker,26.082,55.913,15.4
2024-01-18,V468,Cargo,26.167,56.06,8.8
2024-01-19,V469,Cargo,27.243,57.253,9.0
2024-01-20,V470,Oil Tanker,25.968,56.239,13.7
2024-01-21,V471,Cargo,25.782,55.667,17.5
2024-01-22,V472,Oil Tanker,26.787,56.929,16.4
2024-01-23,V473,Cargo,26.172,56.154,17.8
2024-01-24,V474,Cargo,25.907,56.61,14.9
2024-01-25,V475,Container,25.606,55.858,17.9
2024-01-26,V476,Cargo,25.813,56.789,12.5
2024-01-27,V477,Container,25.79,55.517,8.1
2024-01-28,V478,Container,25.881,56.678,12.3
2024-01-29,V479,LNG Carrier,26.543,56.723,17.8
2024-01-30,V480,Oil Tanker,26.348,56.601,15.6
2024-01-31,V481,Container,26.522,55.933,14.6
2024-02-01,V482,Oil Tanker,26.527,56.573,15.3
2024-02-02,V483,Oil Tanker,27.335,56.408,15.0
2024-02-03,V484,Cargo,25.716,56.107,12.3
2024-02-04,V485,Container,27.391,56.505,13.0
2024-02-05,V486,Cargo,26.101,57.226,13.9
2024-02-06,V487,Container,27.322,55.687,13.6
2024-02-07,V488,Cargo,26.359,56.012,9.8
2024-02-08,V489,LNG Carrier,27.368,55.786,17.1
2024-02-09,V490,LNG Carrier,26.982,56.195,8.2
2024-02-10,V491,Oil Tanker,26.334,56.666,14.9
2024-02-11,V492,Oil Tanker,26.98,56.836,12.9
2024-02-12,V493,LNG Carrier,26.157,55.762,12.0
2024-02-13,V494,Container,26.268,56.45,8.0
2024-02-14,V495,LNG Carrier,27.088,56.304,12.0
2024-02-15,V496,Container,27.199,56.505,13.3
2024-02-16,V497,Cargo,26.051,56.55,10.5
2024-02-17,V498,Oil Tanker,25.784,56.531,14.2
2024-02-18,V499,LNG Carrier,26.083,57.476,11.3
2024-02-19,V500,Container,26.028,57.274,8.3
2024-02-20,V501,Cargo,27.08,56.031,12.7
2024-02-21,V502,Cargo,27.338,56.685,17.3
2024-02-22,V503,Oil Tanker,26.899,56.02,15.9
2024-02-23,V504,Cargo,26.69,56.821,8.6
2024-02-24,V505,Container,25.705,56.184,15.6
2024-02-25,V506,Cargo,26.345,55.502,16.3
2024-02-26,V507,Oil Tanker,26.218,57.387,14.5
2024-02-27,V508,LNG Carrier,25.868,56.287,12.8
2024-02-28,V509,Container,26.274,55.79,10.7
2024-02-29,V510,Oil Tanker,25.63,55.657,10.4
2024-03-01,V511,Container,26.692,56.69,9.7
2024-03-02,V512,Oil Tanker,25.91,55.517,9.1
2024-03-03,V513,LNG Carrier,25.558,55.941,9.2
2024-03-04,V514,Cargo,27.117,56.89,9.4
2024-03-05,V515,LNG Carrier,26.972,57.377,12.4
2024-03-06,V516,Oil Tanker,26.205,56.168,15.5
2024-03-07,V517,LNG Carrier,26.485,57.27,11.9
2024-03-08,V518,Container,26.975,57.383,11.9
2024-03-09,V519,LNG Carrier,25.546,55.568,9.9
2024-03-10,V520,Container,25.501,55.761,9.9
2024-03-11,V521,Container,25.913,56.42,12.6
2024-03-12,V522,Cargo,26.688,56.594,14.4
2024-03-13,V523,Oil Tanker,26.742,55.832,16.7
2024-03-14,V524,Cargo,26.718,56.746,15.4
2024-03-15,V525,Oil Tanker,26.856,55.836,15.4
2024-03-16,V526,Cargo,26.208,56.004,13.3
2024-03-17,V527,Cargo,27.099,55.735,14.0
2024-03-18,V528,Cargo,26.639,56.807,14.2
2024-03-19,V529,LNG Carrier,25.952,55.824,15.6
2024-03-20,V530,Cargo,26.59,56.846,17.0
2024-03-21,V531,Oil Tanker,25.716,57.455,11.8
2024-03-22,V532,Cargo,26.167,57.03,11.8
2024-03-23,V533,Cargo,27.024,56.073,15.4
2024-03-24,V534,Container,27.116,55.815,12.7
2024-03-25,V535,LNG Carrier,26.744,57.356,8.6
2024-03-26,V536,Cargo,26.486,56.453,10.3
2024-03-27,V537,Cargo,27.384,55.851,14.3
2024-03-28,V538,Container,26.043,55.994,14.8
2024-03-29,V539,LNG Carrier,27.2,56.928,14.9
2024-03-30,V540,LNG Carrier,26.381,57.424,11.8
2024-01-01,V541,LNG Carrier,27.404,56.499,14.7
2024-01-02,V542,Container,27.393,56.5,10.3
2024-01-03,V543,Cargo,26.975,55.792,14.9
2024-01-04,V544,Container,27.342,57.31,9.3
2024-01-05,V545,Container,27.297,55.97,8.7
2024-01-06,V546,LNG Carrier,25.887,56.711,11.9
2024-01-07,V547,Cargo,26.338,56.445,16.8
2024-01-08,V548,Oil Tanker,26.741,56.468,11.1
2024-01-09,V549,Oil Tanker,26.592,55.882,10.9
2024-01-10,V550,Container,25.926,57.116,11.7
2024-01-11,V551,Cargo,25.553,56.259,16.0
2024-01-12,V552,LNG Carrier,25.988,57.036,10.0
2024-01-13,V553,Cargo,26.261,56.507,14.0
2024-01-14,V554,Container,26.717,56.859,10.8
2024-01-15,V555,LNG Carrier,26.609,55.887,12.1
2024-01-16,V556,Cargo,26.523,56.743,11.6
2024-01-17,V557,Container,26.326,55.824,9.4
2024-01-18,V558,Container,27.404,55.869,13.9
2024-01-19,V559,Oil Tanker,26.568,57.169,8.8
2024-01-20,V560,Cargo,26.535,57.012,13.1
2024-01-21,V561,Cargo,25.992,57.353,8.8
2024-01-22,V562,Cargo,25.503,57.262,16.4
2024-01-23,V563,Container,26.694,56.849,12.2
2024-01-24,V564,LNG Carrier,25.551,56.535,17.2
2024-01-25,V565,Cargo,27.363,56.856,11.1
2024-01-26,V566,Container,25.591,56.241,15.0
2024-01-27,V567,Oil Tanker,26.933,55.672,10.7
2024-01-28,V568,Oil Tanker,27.036,56.788,14.5
2024-01-29,V569,Container,27.49,57.411,8.5
2024-01-30,V570,Container,26.791,57.438,12.9
2024-01-31,V571,Oil Tanker,27.422,56.174,12.9
2024-02-01,V572,Container,27.008,57.007,12.4
2024-02-02,V573,Cargo,25.669,56.146,14.5
2024-02-03,V574,LNG Carrier,26.806,55.915,15.9
2024-02-04,V575,LNG Carrier,26.024,55.793,12.0
2024-02-05,V576,LNG Carrier,26.977,56.671,8.1
2024-02-06,V577,Cargo,26.556,56.404,10.5
2024-02-07,V578,Container,25.963,55.963,8.9
2024-02-08,V579,Cargo,25.998,55.677,11.7
2024-02-09,V580,Cargo,26.325,56.19,8.2
2024-02-10,V581,Container,25.525,55.588,8.1
2024-02-11,V582,Oil Tanker,25.755,56.122,14.8
2024-02-12,V583,Oil Tanker,27.161,55.585,10.1
2024-02-13,V584,Oil Tanker,26.462,55.897,17.9
2024-02-14,V585,LNG Carrier,26.018,56.929,8.5
2024-02-15,V586,Cargo,26.655,56.103,9.4
2024-02-16,V587,LNG Carrier,25.682,56.1,10.4
2024-02-17,V588,Container,27.305,56.078,9.4
2024-02-18,V589,LNG Carrier,26.968,56.832,14.2
2024-02-19,V590,LNG Carrier,26.257,57.189,15.0
2024-02-20,V591,LNG Carrier,27.472,57.324,14.4
2024-02-21,V592,Oil Tanker,27.498,56.008,9.0
2024-02-22,V593,LNG Carrier,25.915,56.616,8.3
2024-02-23,V594,Oil Tanker,26.567,56.758,14.8
2024-02-24,V595,Oil Tanker,27.378,56.464,15.6
2024-02-25,V596,Container,26.477,56.621,17.3
2024-02-26,V597,LNG Carrier,25.878,55.707,16.2
2024-02-27,V598,LNG Carrier,26.346,56.955,16.5
2024-02-28,V599,LNG Carrier,25.988,56.935,14.9
2024-02-29,V600,Cargo,26.946,57.167,10.7
2024-03-01,V601,LNG Carrier,26.339,55.984,12.0
2024-03-02,V602,LNG Carrier,26.354,55.589,9.5
2024-03-03,V603,Container,25.788,56.282,11.3
2024-03-04,V604,Container,25.7,55.504,14.9
2024-03-05,V605,Oil Tanker,26.713,55.591,16.5
2024-03-06,V606,LNG Carrier,26.735,57.116,11.5
2024-03-07,V607,Container,26.159,57.17,11.2
2024-03-08,V608,LNG Carrier,26.63,57.051,11.1
2024-03-09,V609,Container,26.32,55.862,12.5
2024-03-10,V610,Oil Tanker,25.673,56.622,9.0
2024-03-11,V611,Oil Tanker,26.706,57.256,15.1
2024-03-12,V612,LNG Carrier,25.87,55.795,8.5
2024-03-13,V613,Container,26.409,56.783,17.8
2024-03-14,V614,Container,26.314,55.632,10.7
2024-03-15,V615,Oil Tanker,26.764,56.127,14.8
2024-03-16,V616,LNG Carrier,25.896,57.423,15.1
2024-03-17,V617,LNG Carrier,27.349,57.377,10.3
2024-03-18,V618,LNG Carrier,25.533,56.316,9.9
2024-03-19,V619,Oil Tanker,25.852,57.435,14.9
2024-03-20,V620,Container,26.202,55.705,17.2
2024-03-21,V621,LNG Carrier,27.377,57.311,12.9
2024-03-22,V622,Container,25.684,55.608,13.7
2024-03-23,V623,LNG Carrier,25.853,56.032,14.6
2024-03-24,V624,LNG Carrier,26.694,56.329,12.8
2024-03-25,V625,Oil Tanker,25.74,55.681,14.8
2024-03-26,V626,Container,26.958,55.693,14.1
2024-03-27,V627,LNG Carrier,27.475,56.447,17.9
2024-03-28,V628,Container,26.319,55.797,17.4
2024-03-29,V629,LNG Carrier,26.199,56.249,17.4
2024-03-30,V630,LNG Carrier,27.334,56.936,14.1
2024-01-01,V631,LNG Carrier,26.523,55.654,8.5
2024-01-02,V632,Oil Tanker,26.719,56.452,10.2
2024-01-03,V633,Cargo,25.789,55.905,12.3
2024-01-04,V634,Container,26.366,57.34,10.6
2024-01-05,V635,Oil Tanker,26.949,57.092,13.9
2024-01-06,V636,Container,25.79,57.401,14.1
2024-01-07,V637,Container,27.403,57.28,8.9
2024-01-08,V638,Cargo,25.612,57.21,10.7
2024-01-09,V639,Container,26.92,56.121,15.1
2024-01-10,V640,LNG Carrier,27.106,56.645,16.9
2024-01-11,V641,Container,25.572,56.825,9.4
2024-01-12,V642,Cargo,26.547,56.944,17.8
2024-01-13,V643,Oil Tanker,27.104,56.769,11.4
2024-01-14,V644,Cargo,26.494,57.179,10.3
2024-01-15,V645,Cargo,26.784,55.955,10.8
2024-01-16,V646,Container,26.522,56.976,9.6
2024-01-17,V647,LNG Carrier,25.912,56.015,10.9
2024-01-18,V648,LNG Carrier,25.59,56.544,9.2
2024-01-19,V649,Oil Tanker,27.018,55.671,11.1
2024-01-20,V650,Oil Tanker,25.657,56.999,16.4
2024-01-21,V651,Oil Tanker,26.546,55.569,17.9
2024-01-22,V652,Container,26.574,56.104,15.4
2024-01-23,V653,Cargo,27.088,56.702,9.9
2024-01-24,V654,Oil Tanker,26.924,55.619,8.3
2024-01-25,V655,Container,26.347,57.357,10.2
2024-01-26,V656,Container,25.686,57.043,10.5
2024-01-27,V657,Oil Tanker,25.672,56.86,11.1
2024-01-28,V658,Oil Tanker,25.833,55.646,11.2
2024-01-29,V659,Oil Tanker,26.597,57.211,17.5
2024-01-30,V660,LNG Carrier,27.272,56.824,15.1
2024-01-31,V661,Container,27.459,55.9,11.6
2024-02-01,V662,Container,27.459,55.93,11.7
2024-02-02,V663,Container,26.519,55.914,14.5
2024-02-03,V664,LNG Carrier,25.566,55.865,16.8
2024-02-04,V665,Oil Tanker,27.208,56.529,13.0
2024-02-05,V666,Container,27.378,57.478,8.9
2024-02-06,V667,Cargo,26.013,56.659,9.5
2024-02-07,V668,Cargo,26.89,56.501,15.3
2024-02-08,V669,Container,25.744,56.576,17.8
2024-02-09,V670,Container,26.077,56.665,16.0
2024-02-10,V671,Container,26.889,56.767,12.0
2024-02-11,V672,LNG Carrier,27.112,56.054,13.1
2024-02-12,V673,LNG Carrier,27.262,56.094,9.0
2024-02-13,V674,Oil Tanker,26.649,56.055,9.6
2024-02-14,V675,Oil Tanker,25.915,57.448,8.3
2024-02-15,V676,Container,27.197,56.71,13.6
2024-02-16,V677,LNG Carrier,25.83,56.389,10.6
2024-02-17,V678,Cargo,26.829,57.475,10.6
2024-02-18,V679,Container,26.892,56.808,11.6
2024-02-19,V680,Container,27.0,57.044,12.5
2024-02-20,V681,Oil Tanker,26.696,57.063,15.1
2024-02-21,V682,Cargo,25.586,57.005,11.4
2024-02-22,V683,Cargo,25.66,55.653,14.3
2024-02-23,V684,Cargo,26.477,57.414,16.2
2024-02-24,V685,Oil Tanker,27.106,57.307,8.4
2024-02-25,V686,LNG Carrier,27.296,57.07,15.6
2024-02-26,V687,Container,26.588,56.426,11.1
2024-02-27,V688,LNG Carrier,25.532,55.738,8.9
2024-02-28,V689,Oil Tanker,26.304,55.74,8.3
2024-02-29,V690,Container,25.825,57.108,13.7
2024-03-01,V691,Oil Tanker,26.405,55.751,11.1
2024-03-02,V692,Cargo,25.508,56.717,9.4
2024-03-03,V693,Container,26.548,57.155,11.3
2024-03-04,V694,LNG Carrier,25.513,55.863,13.3
2024-03-05,V695,Oil Tanker,25.748,56.984,10.9
2024-03-06,V696,Container,26.304,57.125,10.6
2024-03-07,V697,LNG Carrier,27.066,56.62,11.1
2024-03-08,V698,LNG Carrier,25.803,55.851,12.3
2024-03-09,V699,LNG Carrier,25.67,57.085,14.9
2024-03-10,V700,Cargo,27.066,57.036,13.3
2024-03-11,V701,Oil Tanker,25.693,55.687,12.6
2024-03-12,V702,Cargo,26.776,57.393,12.4
2024-03-13,V703,LNG Carrier,26.201,55.781,14.2
2024-03-14,V704,Cargo,25.573,55.576,15.1
2024-03-15,V705,Cargo,26.09,56.941,12.1
2024-03-16,V706,Container,26.141,56.533,13.7
2024-03-17,V707,Oil Tanker,26.668,55.663,15.7
2024-03-18,V708,LNG Carrier,25.595,57.429,10.4
2024-03-19,V709,LNG Carrier,25.901,57.498,16.0
2024-03-20,V710,Container,26.213,56.417,13.7
2024-03-21,V711,Container,25.855,56.571,12.5
2024-03-22,V712,Cargo,27.136,56.27,15.0
2024-03-23,V713,Cargo,25.803,56.297,17.6
2024-03-24,V714,Container,27.381,57.164,11.0
2024-03-25,V715,Container,26.1,55.968,13.1
2024-03-26,V716,Oil Tanker,25.525,56.013,10.0
2024-03-27,V717,Oil Tanker,26.029,56.44,8.7
2024-03-28,V718,Oil Tanker,26.545,56.807,14.6
2024-03-29,V719,LNG Carrier,27.405,56.318,8.1
2024-03-30,V720,Container,26.315,55.666,8.1
2024-01-01,V721,LNG Carrier,26.826,55.661,17.0
2024-01-02,V722,Container,26.218,56.357,17.1
2024-01-03,V723,Container,26.885,56.9,17.4
2024-01-04,V724,Container,27.163,56.375,8.6
2024-01-05,V725,Oil Tanker,26.741,56.478,15.5
2024-01-06,V726,LNG Carrier,25.716,56.455,16.9
2024-01-07,V727,Oil Tanker,27.137,55.716,13.2
2024-01-08,V728,Cargo,25.651,57.18,12.0
2024-01-09,V729,LNG Carrier,26.674,56.561,10.9
2024-01-10,V730,Container,25.528,56.534,12.8
2024-01-11,V731,LNG Carrier,26.399,55.596,9.3
2024-01-12,V732,Cargo,26.392,56.134,9.0
2024-01-13,V733,Oil Tanker,27.391,55.882,11.6
2024-01-14,V734,Container,26.843,55.843,11.0
2024-01-15,V735,Oil Tanker,27.115,55.99,9.8
2024-01-16,V736,Container,27.445,56.398,10.9
2024-01-17,V737,Cargo,27.219,56.412,15.2
2024-01-18,V738,Container,25.556,56.604,11.2
2024-01-19,V739,Oil Tanker,26.143,57.102,14.6
2024-01-20,V740,LNG Carrier,26.496,56.273,16.0
2024-01-21,V741,Container,26.313,56.724,13.6
2024-01-22,V742,LNG Carrier,26.962,56.236,11.8
2024-01-23,V743,LNG Carrier,26.387,56.923,9.5
2024-01-24,V744,LNG Carrier,27.463,56.764,16.0
2024-01-25,V745,Oil Tanker,27.452,55.632,17.0
2024-01-26,V746,LNG Carrier,25.757,56.881,14.8
2024-01-27,V747,Oil Tanker,25.881,55.775,14.8
2024-01-28,V748,Oil Tanker,27.379,57.188,16.1
2024-01-29,V749,LNG Carrier,27.322,56.831,15.3
2024-01-30,V750,Cargo,25.651,57.006,16.9
2024-01-31,V751,Cargo,27.397,57.093,12.4
2024-02-01,V752,Container,26.609,56.126,15.3
2024-02-02,V753,Cargo,27.31,57.432,11.4
2024-02-03,V754,Cargo,27.25,55.686,14.0
2024-02-04,V755,Oil Tanker,26.842,56.296,11.4
2024-02-05,V756,LNG Carrier,25.901,56.772,12.8
2024-02-06,V757,Oil Tanker,26.992,56.261,13.6
2024-02-07,V758,LNG Carrier,26.499,56.877,13.7
2024-02-08,V759,Oil Tanker,27.214,55.529,9.6
2024-02-09,V760,Oil Tanker,27.29,56.396,10.3
2024-02-10,V761,Oil Tanker,27.364,56.451,10.1
2024-02-11,V762,Oil Tanker,26.488,56.987,9.1
2024-02-12,V763,Oil Tanker,27.122,56.68,15.4
2024-02-13,V764,Container,26.51,55.579,13.0
2024-02-14,V765,Oil Tanker,25.938,56.88,14.1
2024-02-15,V766,Container,27.439,56.476,16.2
2024-02-16,V767,LNG Carrier,27.354,55.826,9.5
2024-02-17,V768,LNG Carrier,27.02,57.1,12.4
2024-02-18,V769,Container,27.02,57.028,12.9
2024-02-19,V770,Oil Tanker,25.969,56.414,14.4
2024-02-20,V771,Container,26.08,56.077,15.2
2024-02-21,V772,Container,26.389,56.071,17.8
2024-02-22,V773,LNG Carrier,25.568,57.221,8.6
2024-02-23,V774,Cargo,27.05,56.039,17.4
2024-02-24,V775,Cargo,26.921,55.565,8.1
2024-02-25,V776,Oil Tanker,27.072,57.402,14.0
2024-02-26,V777,Oil Tanker,27.0,56.248,13.5
2024-02-27,V778,Cargo,26.767,57.35,11.6
2024-02-28,V779,Container,27.149,55.864,13.1
2024-02-29,V780,Oil Tanker,25.796,56.48,17.9
2024-03-01,V781,Cargo,27.095,56.179,15.3
2024-03-02,V782,Container,26.121,56.615,14.2
2024-03-03,V783,Cargo,25.612,56.993,12.7
2024-03-04,V784,Container,26.513,57.488,11.4
2024-03-05,V785,Oil Tanker,27.225,56.177,8.7
2024-03-06,V786,Oil Tanker,27.22,56.711,15.0
2024-03-07,V787,LNG Carrier,26.354,55.9,10.9
2024-03-08,V788,LNG Carrier,26.601,56.063,11.4
2024-03-09,V789,Cargo,27.119,56.022,9.6
2024-03-10,V790,Cargo,26.466,56.962,11.5
2024-03-11,V791,Cargo,27.238,56.564,9.8
2024-03-12,V792,Container,26.347,56.267,13.5
2024-03-13,V793,Container,26.171,57.164,9.9
2024-03-14,V794,Oil Tanker,26.483,55.902,16.1
2024-03-15,V795,LNG Carrier,26.877,57.333,13.4
2024-03-16,V796,LNG Carrier,27.355,55.697,11.0
2024-03-17,V797,Container,25.964,55.598,11.4
2024-03-18,V798,Cargo,26.793,56.739,12.5
2024-03-19,V799,LNG Carrier,25.777,57.091,12.3
2024-03-20,V800,Cargo,27.448,56.466,14.8
2024-03-21,V801,Container,26.036,55.507,9.4
2024-03-22,V802,Container,25.805,56.615,17.3
2024-03-23,V803,LNG Carrier,25.646,56.082,11.6
2024-03-24,V804,LNG Carrier,26.017,57.317,16.4
2024-03-25,V805,Oil Tanker,25.858,57.281,11.8
2024-03-26,V806,LNG Carrier,26.762,57.443,9.2
2024-03-27,V807,Cargo,27.476,56.117,11.3
2024-03-28,V808,Oil Tanker,25.777,57.217,8.8
2024-03-29,V809,LNG Carrier,27.161,55.998,10.2
2024-03-30,V810,LNG Carrier,26.873,56.199,17.3
2024-01-01,V811,LNG Carrier,26.142,55.534,8.6
2024-01-02,V812,LNG Carrier,26.029,55.557,15.7
2024-01-03,V813,LNG Carrier,26.373,57.057,10.8
2024-01-04,V814,LNG Carrier,26.083,56.03,16.7
2024-01-05,V815,Oil Tanker,26.755,57.156,11.4
2024-01-06,V816,Oil Tanker,27.033,55.933,14.2
2024-01-07,V817,Cargo,26.287,57.268,12.4
2024-01-08,V818,LNG Carrier,27.441,55.853,17.2
2024-01-09,V819,Cargo,26.067,55.597,13.5
2024-01-10,V820,LNG Carrier,26.822,56.045,12.5
2024-01-11,V821,Cargo,25.888,56.488,13.0
2024-01-12,V822,Container,25.57,56.604,15.4
2024-01-13,V823,Oil Tanker,26.053,55.808,17.8
2024-01-14,V824,LNG Carrier,25.774,57.187,17.8
2024-01-15,V825,Cargo,27.458,57.496,13.0
2024-01-16,V826,Container,27.07,57.296,13.5
2024-01-17,V827,Oil Tanker,27.363,56.035,8.6
2024-01-18,V828,LNG Carrier,26.765,56.815,11.8
2024-01-19,V829,LNG Carrier,25.596,56.496,12.9
2024-01-20,V830,Container,25.558,57.309,15.7
2024-01-21,V831,LNG Carrier,25.701,57.376,17.5
2024-01-22,V832,Oil Tanker,27.058,56.884,16.1
2024-01-23,V833,Cargo,26.591,57.151,12.9
2024-01-24,V834,Container,27.348,55.553,11.0
2024-01-25,V835,Cargo,26.428,56.722,17.1
2024-01-26,V836,Oil Tanker,26.166,55.937,12.6
2024-01-27,V837,LNG Carrier,26.826,56.071,12.6
2024-01-28,V838,Container,26.688,56.085,12.3
2024-01-29,V839,Container,26.872,56.406,15.6
2024-01-30,V840,Container,27.045,56.826,11.6
2024-01-31,V841,Oil Tanker,25.983,55.77,15.2
2024-02-01,V842,Container,26.694,57.438,17.9
2024-02-02,V843,Oil Tanker,27.179,55.741,8.8
2024-02-03,V844,LNG Carrier,25.701,56.749,17.9
2024-02-04,V845,Oil Tanker,27.385,55.656,14.7
2024-02-05,V846,LNG Carrier,25.72,55.807,17.5
2024-02-06,V847,LNG Carrier,27.484,56.808,8.2
2024-02-07,V848,LNG Carrier,27.466,55.891,16.6
2024-02-08,V849,LNG Carrier,26.643,56.697,16.5
2024-02-09,V850,Container,26.013,55.643,9.8
2024-02-10,V851,Container,26.919,56.544,16.3
2024-02-11,V852,Cargo,26.507,56.104,16.2
2024-02-12,V853,LNG Carrier,27.142,57.298,9.3
2024-02-13,V854,LNG Carrier,26.136,56.326,17.6
2024-02-14,V855,Oil Tanker,27.035,55.994,14.2
2024-02-15,V856,Container,26.868,56.038,11.7
2024-02-16,V857,Oil Tanker,27.129,57.168,11.7
2024-02-17,V858,Container,27.34,57.307,17.3
2024-02-18,V859,Cargo,25.692,57.013,14.6
2024-02-19,V860,Oil Tanker,27.109,56.737,13.5
2024-02-20,V861,Oil Tanker,27.47,56.988,17.8
2024-02-21,V862,Cargo,26.872,57.087,8.9
2024-02-22,V863,Oil Tanker,27.065,55.775,16.8
2024-02-23,V864,Cargo,26.935,57.033,14.7
2024-02-24,V865,LNG Carrier,27.17,55.817,9.5
2024-02-25,V866,Oil Tanker,27.029,55.999,18.0
2024-02-26,V867,Oil Tanker,25.624,57.45,10.1
2024-02-27,V868,LNG Carrier,26.898,57.023,14.6
2024-02-28,V869,Oil Tanker,25.821,57.221,11.5
2024-02-29,V870,Cargo,26.482,57.383,11.4
2024-03-01,V871,LNG Carrier,25.783,55.661,9.4
2024-03-02,V872,Oil Tanker,26.062,56.223,15.5
2024-03-03,V873,Container,26.723,56.759,17.3
2024-03-04,V874,Oil Tanker,25.737,56.157,11.6
2024-03-05,V875,Cargo,26.097,57.335,14.2
2024-03-06,V876,Container,26.39,57.434,16.3
2024-03-07,V877,LNG Carrier,27.141,57.064,17.9
2024-03-08,V878,LNG Carrier,26.143,56.642,13.7
2024-03-09,V879,Container,25.627,57.22,12.2
2024-03-10,V880,Oil Tanker,26.365,56.047,11.7
2024-03-11,V881,Oil Tanker,25.624,56.184,13.3
2024-03-12,V882,LNG Carrier,27.176,55.991,10.2
2024-03-13,V883,LNG Carrier,25.852,55.809,15.8
2024-03-14,V884,Container,26.701,56.337,14.1
2024-03-15,V885,Cargo,26.545,57.263,8.8
2024-03-16,V886,Oil Tanker,26.726,55.896,9.7
2024-03-17,V887,LNG Carrier,26.982,57.313,15.4
2024-03-18,V888,LNG Carrier,26.25,56.577,16.0
2024-03-19,V889,Oil Tanker,27.004,57.448,12.7
2024-03-20,V890,LNG Carrier,25.952,56.65,11.9
2024-03-21,V891,Oil Tanker,26.848,57.166,8.0
2024-03-22,V892,Cargo,25.681,57.357,17.2
2024-03-23,V893,Container,27.468,57.174,9.6
2024-03-24,V894,Oil Tanker,26.526,55.909,9.8
2024-03-25,V895,LNG Carrier,26.355,55.871,17.6
2024-03-26,V896,LNG Carrier,27.096,56.746,8.9
2024-03-27,V897,LNG Carrier,26.879,56.544,12.2
2024-03-28,V898,LNG Carrier,26.138,55.919,15.6
2024-03-29,V899,Oil Tanker,26.428,56.351,12.9
2024-03-30,V900,LNG Carrier,27.397,57.213,17.9
2024-01-01,V901,Oil Tanker,26.146,57.232,12.4
2024-01-02,V902,LNG Carrier,25.571,57.467,9.0
2024-01-03,V903,Container,25.842,55.988,15.0
2024-01-04,V904,Cargo,27.395,56.146,13.8
2024-01-05,V905,LNG Carrier,26.449,56.094,16.9
2024-01-06,V906,Cargo,26.283,56.853,12.1
2024-01-07,V907,Cargo,26.191,56.345,14.7
2024-01-08,V908,Cargo,26.592,56.912,13.5
2024-01-09,V909,LNG Carrier,25.83,55.766,9.7
2024-01-10,V910,Cargo,25.689,56.703,8.2
2024-01-11,V911,Container,25.536,57.299,11.0
2024-01-12,V912,Cargo,26.342,55.521,9.8
2024-01-13,V913,Oil Tanker,26.318,56.56,14.2
2024-01-14,V914,LNG Carrier,26.138,55.98,16.5
2024-01-15,V915,Oil Tanker,26.161,55.739,8.7
2024-01-16,V916,Oil Tanker,27.369,56.128,9.8
2024-01-17,V917,Container,25.703,57.138,8.1
2024-01-18,V918,LNG Carrier,26.016,56.798,14.1
2024-01-19,V919,Container,25.997,55.803,15.3
2024-01-20,V920,Cargo,25.892,56.2,10.4
2024-01-21,V921,LNG Carrier,25.89,56.505,8.9
2024-01-22,V922,Oil Tanker,26.035,56.212,13.4
2024-01-23,V923,LNG Carrier,25.732,57.204,10.9
2024-01-24,V924,Oil Tanker,26.71,55.558,17.0
2024-01-25,V925,Oil Tanker,26.525,55.702,15.9
2024-01-26,V926,Cargo,27.478,57.339,17.9
2024-01-27,V927,Oil Tanker,27.423,56.597,13.8
2024-01-28,V928,Container,27.494,55.79,14.9
2024-01-29,V929,Cargo,26.293,57.421,16.0
2024-01-30,V930,Oil Tanker,27.061,57.149,14.3
2024-01-31,V931,Container,27.494,57.34,16.5
2024-02-01,V932,LNG Carrier,25.834,56.387,12.2
2024-02-02,V933,Cargo,25.943,56.135,12.7
2024-02-03,V934,LNG Carrier,25.808,56.275,16.2
2024-02-04,V935,Container,26.832,57.293,10.6
2024-02-05,V936,Oil Tanker,26.534,55.984,8.1
2024-02-06,V937,Oil Tanker,26.068,57.255,10.5
2024-02-07,V938,Container,26.682,56.942,13.9
2024-02-08,V939,LNG Carrier,27.014,56.526,15.4
2024-02-09,V940,LNG Carrier,26.964,55.536,11.4
2024-02-10,V941,Oil Tanker,26.695,57.484,12.9
2024-02-11,V942,Container,26.286,56.095,12.7
2024-02-12,V943,Cargo,26.11,56.582,10.0
2024-02-13,V944,Cargo,26.866,56.258,12.7
2024-02-14,V945,Cargo,26.775,57.24,12.5
2024-02-15,V946,LNG Carrier,26.275,55.59,16.4
2024-02-16,V947,Container,27.478,55.906,15.4
2024-02-17,V948,Container,26.84,56.272,14.2
2024-02-18,V949,Oil Tanker,26.971,56.004,15.2
2024-02-19,V950,Container,27.1,56.573,15.0
2024-02-20,V951,Oil Tanker,26.333,56.276,8.1
2024-02-21,V952,LNG Carrier,26.99,55.505,10.5
2024-02-22,V953,Cargo,27.464,55.883,14.9
2024-02-23,V954,Oil Tanker,26.598,57.308,8.6
2024-02-24,V955,LNG Carrier,26.208,57.467,17.2
2024-02-25,V956,LNG Carrier,26.962,56.923,9.8
2024-02-26,V957,Container,26.949,56.464,10.3
2024-02-27,V958,Container,25.91,55.969,18.0
2024-02-28,V959,Cargo,27.09,55.625,17.9
2024-02-29,V960,LNG Carrier,26.966,56.877,16.1
2024-03-01,V961,LNG Carrier,25.901,56.302,11.4
2024-03-02,V962,Oil Tanker,25.547,56.176,16.9
2024-03-03,V963,LNG Carrier,25.548,55.972,15.5
2024-03-04,V964,Container,27.246,56.257,15.1
2024-03-05,V965,Container,26.143,56.486,10.7
2024-03-06,V966,LNG Carrier,26.728,56.657,15.1
2024-03-07,V967,Container,27.0,56.002,12.8
2024-03-08,V968,Oil Tanker,27.263,55.525,12.7
2024-03-09,V969,Oil Tanker,25.983,57.325,13.4
2024-03-10,V970,Cargo,25.844,56.811,13.4
2024-03-11,V971,LNG Carrier,27.294,57.233,17.0
2024-03-12,V972,Oil Tanker,26.856,55.538,10.7
2024-03-13,V973,Container,26.153,56.595,15.1
2024-03-14,V974,Oil Tanker,26.127,57.04,16.2
2024-03-15,V975,Oil Tanker,26.68,56.057,14.7
2024-03-16,V976,Oil Tanker,26.026,55.679,10.1
2024-03-17,V977,Oil Tanker,27.096,55.935,11.7
2024-03-18,V978,LNG Carrier,27.16,57.397,17.1
2024-03-19,V979,Cargo,26.252,57.316,8.7
2024-03-20,V980,LNG Carrier,25.808,56.604,11.6
2024-03-21,V981,Container,26.021,57.173,16.1
2024-03-22,V982,Cargo,26.704,56.321,12.0
2024-03-23,V983,Container,25.987,55.801,15.4
2024-03-24,V984,Container,25.811,57.217,17.9
2024-03-25,V985,Oil Tanker,26.658,57.229,15.7
2024-03-26,V986,LNG Carrier,26.682,55.923,11.2
2024-03-27,V987,Container,27.15,57.453,9.5
2024-03-28,V988,Container,26.279,57.386,11.2
2024-03-29,V989,Container,26.746,56.692,9.3
2024-03-30,V990,Container,25.958,55.681,11.6
2024-01-01,V991,Cargo,26.689,56.219,9.8
2024-01-02,V992,LNG Carrier,25.892,56.415,9.9
2024-01-03,V993,Container,27.008,57.494,16.4
2024-01-04,V994,Oil Tanker,26.413,56.522,11.4
2024-01-05,V995,Container,26.113,56.421,16.9
2024-01-06,V996,Container,26.822,56.845,12.3
2024-01-07,V997,Container,25.884,56.68,15.7
2024-01-08,V998,Oil Tanker,27.057,57.387,8.9
2024-01-09,V999,Cargo,26.789,57.375,13.1
2024-01-10,V1000,Oil Tanker,27.446,56.471,10.1
